<?xml version='1.0' encoding='UTF-8' standalone='yes' ?>
<Robot type="FirstInspires-FTC">
    <LynxUsbDevice name="Control Hub Portal" serialNumber="(embedded)" parentModuleAddress="173">
        <LynxModule name="Expansion Hub 2" port="2">
            <RevRoboticsCoreHexMotor name="intake" port="0" />
        </LynxModule>
        <LynxModule name="Control Hub" port="173">
            <NeveRest20Gearmotor name="right_rear_drive" port="0" />
            <NeveRest20Gearmotor name="right_front_drive" port="1" />
            <NeveRest20Gearmotor name="left_rear_drive" port="2" />
            <NeveRest20Gearmotor name="left_front_drive" port="3" />
            <Servo name="servo1" port="0" />
            <LynxEmbeddedIMU name="imu" port="0" bus="0" />
        </LynxModule>
    </LynxUsbDevice>
</Robot>
