<?xml version='1.0' encoding='UTF-8' standalone='yes' ?>
<Robot type="FirstInspires-FTC">
    <LynxUsbDevice name="Control Hub Portal" serialNumber="(embedded)" parentModuleAddress="173">
        <LynxModule name="Expansion Hub 1" port="1">
            <RevRoboticsCoreHexMotor name="Intake" port="0" />
            <NeveRest20Gearmotor name="linear_slide" port="3" />
            <DigitalDevice name="bottom_limit_switch" port="0" />
        </LynxModule>
        <LynxModule name="Control Hub" port="173">
            <NeveRest20Gearmotor name="left_front_drive" port="0" />
            <NeveRest20Gearmotor name="right_front_drive" port="1" />
            <NeveRest20Gearmotor name="left_rear_drive" port="2" />
            <NeveRest20Gearmotor name="right_rear_drive" port="3" />
            <ControlHubImuBHI260AP name="imu" port="0" bus="0" />
        </LynxModule>
    </LynxUsbDevice>
</Robot>
