<?xml version='1.0' encoding='UTF-8' standalone='yes' ?>
<Robot type="FirstInspires-FTC">
    <LynxUsbDevice name="Control Hub Portal" serialNumber="(embedded)" parentModuleAddress="173">
        <LynxModule name="Expansion Hub 2" port="2">
        </LynxModule>
        <LynxModule name="Control Hub" port="173">
            <NeveRest20Gearmotor name="rightBack" port="0" />
            <NeveRest20Gearmotor name="rightFront" port="1" />
            <NeveRest20Gearmotor name="leftBack" port="2" />
            <NeveRest20Gearmotor name="leftFront" port="3" />
            <ControlHubImuBHI260AP name="imu" port="0" bus="0" />
        </LynxModule>
    </LynxUsbDevice>
</Robot>
