{"backedUpFiles":["/sdcard/FIRST/2mot1ser1imu.xml","/sdcard/FIRST/lift_only.xml","/sdcard/FIRST/4WheelMecanum.xml","/sdcard/FIRST/4MotorNoServoExpan.xml","/sdcard/FIRST/4MotorNoServo.xml","/sdcard/FIRST/AutoTest.xml","/sdcard/FIRST/Odometry4WheelMecanum.xml","/sdcard/FIRST/4mot0serv_mecanum.xml","/sdcard/FIRST/LucasTest.xml","/sdcard/FIRST/4mot0serv_mg_mecanum.xml"],"deviceName":"Control Hub FTC-23884","modifiedTimes":[{"fileName":"/sdcard/FIRST/4WheelMecanum.xml","time":"Tue Sep 26 19:44:04 EDT 2023"},{"fileName":"/sdcard/FIRST/2mot1ser1imu.xml","time":"Tue Sep 19 19:16:35 EDT 2023"},{"fileName":"/sdcard/FIRST/4MotorNoServo.xml","time":"Tue Sep 19 19:25:48 EDT 2023"},{"fileName":"/sdcard/FIRST/lift_only.xml","time":"Sun Jan 22 17:44:21 EST 2023"},{"fileName":"/sdcard/FIRST/AutoTest.xml","time":"Fri Oct 27 22:26:58 EDT 2023"},{"fileName":"/sdcard/FIRST/4MotorNoServoExpan.xml","time":"Sun Jan 22 17:44:21 EST 2023"},{"fileName":"/sdcard/FIRST/Odometry4WheelMecanum.xml","time":"Thu Jul 27 17:14:48 EDT 2023"},{"fileName":"/sdcard/FIRST/LucasTest.xml","time":"Thu Dec 14 20:51:46 EST 2023"},{"fileName":"/sdcard/FIRST/4mot0serv_mg_mecanum.xml","time":"Sat Oct 28 10:23:35 EDT 2023"},{"fileName":"/sdcard/FIRST/4mot0serv_mecanum.xml","time":"Tue Sep 19 20:01:08 EDT 2023"}]}