<?xml version='1.0' encoding='UTF-8' standalone='yes' ?>
<Robot type="FirstInspires-FTC">
    <LynxUsbDevice name="Control Hub Portal" serialNumber="(embedded)" parentModuleAddress="173">
        <LynxModule name="Control Hub" port="173">
            <NeveRest20Gearmotor name="lift_motor1" port="0" />
            <DigitalDevice name="touch1" port="0" />
            <DigitalDevice name="mag_sensor1" port="1" />
            <ControlHubImuBHI260AP name="imu" port="0" bus="0" />
        </LynxModule>
    </LynxUsbDevice>
</Robot>
