<?xml version='1.0' encoding='UTF-8' standalone='yes' ?>
<Robot type="FirstInspires-FTC">
    <LynxUsbDevice name="Control Hub Portal" serialNumber="(embedded)" parentModuleAddress="173">
        <LynxModule name="Expansion Hub 2" port="2">
            <RevRoboticsCoreHexMotor name="intake_motor" port="0" />
            <NeveRest60Gearmotor name="arm_motor" port="1" />
            <RevRoboticsCoreHexMotor name="extend" port="2" />
            <RevRoboticsCoreHexMotor name="intake_roller" port="3" />
            <Servo name="wrist" port="0" />
            <Servo name="grabber" port="2" />
            <DigitalDevice name="arm_limit" port="1" />
        </LynxModule>
        <LynxModule name="Control Hub" port="173">
            <goBILDA5202SeriesMotor name="right_back_drive" port="0" />
            <goBILDA5202SeriesMotor name="right_front_drive" port="1" />
            <goBILDA5202SeriesMotor name="left_back_drive" port="2" />
            <goBILDA5202SeriesMotor name="left_front_drive" port="3" />
            <Servo name="plane" port="0" />
            <ControlHubImuBHI260AP name="imu" port="0" bus="0" />
        </LynxModule>
    </LynxUsbDevice>
    <Webcam name="Webcam 1" serialNumber="5D251D40" />
</Robot>
